ID,confidence
1,0.66
2,1
3,1
4,1
5,1
6,1
7,1
8,1
9,1
10,1
11,0.66
12,0.66
13,0.66
14,1
15,0.66
16,1
17,0.66
18,1
19,1
20,1
21,1
22,1
23,0.66
24,1
25,1
26,1
27,1
28,0.66
29,1
30,1
31,1
32,1
33,0.66
34,1
35,0.66
36,1
37,0.66
38,0.66
39,0.66
40,0.66
41,1
42,1
43,0.66
44,1
45,0.66
46,1
47,1
48,0.66
49,1
50,1
51,0.66
52,1
53,1
54,0.66
55,1
56,0.66
57,0.66
58,1
59,1
60,1
61,0.66
62,0.66
63,1
64,1
65,1
66,0.66
67,0.66
68,1
69,1
70,0.66
71,0.66
72,1
73,0.66
74,1
75,1
76,1
77,0.66
78,0.66
79,1
80,0.66
81,1
82,0.66
83,0.66
84,1
85,0.66
86,0.66
87,1
88,1
89,0.66
90,0.66
91,0.66
92,0.66
93,0.66
94,0.66
95,1
96,0.66
97,1
98,0.66
99,1
100,0.66
101,1
102,1
103,0.66
104,0.66
105,1
106,0.66
107,0.66
108,1
109,1
110,1
111,0.66
112,0.66
113,0.66
114,1
115,1
116,0.66
117,1
118,1
119,0.66
120,1
121,1
122,1
123,1
124,1
125,0.66
126,1
127,1
128,1
129,1
130,0.66
131,1
132,0.66
133,1
134,0.66
135,1
136,1
137,0.66
138,0.66
139,0.66
140,1
141,1
142,0.66
143,1
144,0.66
145,0.66
146,1
147,0.66
148,0.66
149,1
150,0.66
151,0.66
152,0.66
153,0.66
154,0.66
155,1
156,1
157,1
158,1
159,1
160,0.66
161,1
162,1
163,1
164,0.66
165,1
166,0.66
167,1
168,1
169,0.66
170,1
171,0.66
172,0.66
173,0.66
174,1
175,1
176,1
177,0.66
178,0.66
179,1
180,1
181,1
182,1
183,1
184,0.66
185,1
186,0.66
187,1
188,0.66
189,0.66
190,1
191,0.66
192,1
193,1
194,0.66
195,1
196,0.66
197,0.66
198,1
199,0.66
200,0.66
201,0.66
202,0.66
203,1
204,0.66
205,1
206,0.66
207,1
208,1
209,0.66
210,1
211,1
212,1
213,0.66
214,1
215,0.66
216,1
217,0.66
218,1
219,0.66
220,0.66
221,1
222,1
223,0.66
224,1
225,0.66
226,0.66
227,1
228,1
229,0.66
230,0.66
231,1
232,1
233,0.66
234,1
235,1
236,1
237,1
238,1
239,0.66
240,0.66
241,0.66
242,0.66
243,0.66
244,1
245,1
246,1
247,0.66
248,0.66
249,1
250,1
251,1
252,1
253,1
254,1
255,1
256,0.66
257,1
258,1
259,1
260,0.66
261,0.66
262,1
263,0.66
264,1
265,0.66
266,1
267,1
268,0.66
269,0.66
270,0.66
271,0.66
272,0.66
273,1
274,1
275,1
276,1
277,1
278,1
279,0.66
280,0.66
281,1
282,1
283,1
284,0.66
285,1
286,1
287,0.66
288,0.66
289,0.66
290,1
291,1
292,1
293,1
294,1
295,0.66
296,0.66
297,0.66
298,1
299,1
300,0.66
301,1
302,1
303,0.66
304,1
305,1
306,1
307,1
308,0.66
309,1
310,1
311,1
312,1
313,1
314,0.66
315,1
316,0.66
317,0.66
318,1
319,1
320,1
321,1
322,0.66
323,0.66
324,1
325,0.66
326,0.66
327,0.66
328,1
329,0.66
330,1
331,0.66
332,1
333,0.66
334,1
335,1
336,0.66
337,1
338,1
339,0.66
340,1
341,1
342,0.66
343,1
344,0.66
345,1
346,1
347,0.66
348,0.66
349,0.66
350,1
351,1
352,1
353,0.66
354,1
355,1
356,0.66
357,1
358,0.66
359,1
360,0.66
361,0.66
362,1
363,1
364,0.66
365,1
366,0.66
367,0.66
368,1
369,1
370,1
371,1
372,1
373,0.66
374,0.66
375,1
376,0.66
377,0.66
378,0.66
379,0.66
380,1
381,1
382,1
383,0.66
384,1
385,1
386,1
387,0.66
388,1
389,1
390,0.66
391,1
392,0.66
393,0.66
394,1
395,1
396,0.66
397,1
398,1
399,0.66
400,1
401,1
402,1
403,1
404,0.66
405,1
406,0.66
407,0.66
408,1
409,0.66
410,0.66
411,1
412,0.66
413,0.66
414,1
415,0.66
416,0.66
417,0.66
418,0.66
419,1
420,1
421,1
422,1
423,1
424,0.66
425,0.66
426,1
427,0.66
428,0.66
429,0.66
430,0.66
431,1
432,1
433,1
434,0.66
435,1
436,0.66
437,1
438,1
439,1
440,1
441,0.66
442,1
443,0.66
444,1
445,1
446,0.66
447,0.66
448,1
449,0.66
450,0.66
451,1
452,0.66
453,1
454,0.66
455,0.66
456,0.66
457,1
458,0.66
459,1
460,0.66
461,1
462,0.66
463,0.66
464,1
465,1
466,1
467,0.66
468,1
469,0.66
470,1
471,1
472,1
473,1
474,0.66
475,0.66
476,0.66
477,0.66
478,1
479,0.66
480,0.66
481,0.66
482,0.66
483,1
484,1
485,1
486,1
487,1
488,1
489,0.66
490,0.66
491,1
492,0.66
493,1
494,0.66
495,1
496,0.66
497,1
498,1
499,1
500,0.66
501,1
502,0.66
503,1
504,0.66
505,0.66
506,0.66
507,1
508,1
509,1
510,0.66
511,0.66
512,0.66
513,1
514,0.66
515,1
516,0.66
517,1
518,1
519,1
520,1
521,1
522,1
523,1
524,0.66
525,1
526,1
527,0.66
528,0.66
529,1
530,1
531,0.66
532,1
533,1
534,1
535,1
536,1
537,0.66
538,0.66
539,0.66
540,0.66
541,1
542,0.66
543,1
544,1
545,1
546,1
547,0.66
548,0.66
549,1
550,0.66
551,0.66
552,1
553,1
554,1
555,1
556,1
557,0.66
558,1
559,1
560,1
561,1
562,0.66
563,0.66
564,0.66
565,0.66
566,0.66
567,0.66
568,0.66
569,0.66
570,0.66
571,1
572,0.66
573,1
574,0.66
575,1
576,1
577,1
578,0.66
579,1
580,1
581,0.66
582,1
583,0.66
584,0.66
585,1
586,1
587,0.66
588,0.66
589,0.66
590,0.66
591,0.66
592,0.66
593,0.66
594,1
595,1
596,0.66
597,1
598,0.66
599,0.66
600,0.66
601,0.66
602,1
603,0.66
604,1
605,1
606,0.66
607,0.66
608,0.66
609,1
610,0.66
611,1
612,0.66
613,0.66
614,0.66
615,1
616,1
617,1
618,0.66
619,1
620,1
621,1
622,1
623,0.66
624,1
625,0.66
626,0.66
627,0.66
628,1
629,0.66
630,1
631,0.66
632,0.66
633,1
634,1
635,0.66
636,1
637,1
638,0.66
639,0.66
640,0.66
641,0.66
642,0.66
643,0.66
644,0.66
645,0.66
646,0.66
647,0.66
648,1
649,0.66
650,0.66
651,1
652,1
653,0.66
654,0.66
655,0.66
656,1
657,0.66
658,0.66
659,0.66
660,0.66
661,1
662,0.66
663,0.66
664,0.66
665,0.66
666,0.66
667,1
668,0.66
669,0.66
670,1
671,0.66
672,1
673,0.66
674,1
675,0.66
676,0.66
677,1
678,0.66
679,0.66
680,1
681,1
682,0.66
683,1
684,1
685,0.66
686,1
687,1
688,1
689,0.66
690,1
691,0.66
692,0.66
693,0.66
694,0.66
695,1
696,1
697,1
698,0.66
699,0.66
700,0.66
701,0.66
702,1
703,0.66
704,1
705,1
706,0.66
707,1
708,1
709,1
710,1
711,0.66
712,0.66
713,0.66
714,0.66
715,0.66
716,0.66
717,0.66
718,1
719,0.66
720,1
721,0.66
722,1
723,1
724,1
725,0.66
726,0.66
727,1
728,0.66
729,0.66
730,0.66
731,0.66
732,0.66
733,1
734,0.66
735,0.66
736,0.66
737,0.66
738,0.66
739,1
740,1
741,0.66
742,1
743,0.66
744,1
745,0.66
746,1
747,1
748,1
749,0.66
750,0.66
751,1
752,1
753,1
754,1
755,0.66
756,0.66
757,0.66
758,0.66
759,1
760,1
761,0.66
762,1
763,1
764,1
765,0.66
766,0.66
767,1
768,0.66
769,0.66
770,0.66
771,1
772,0.66
773,0.66
774,1
775,0.66
776,1
777,1
778,0.66
779,0.66
780,1
781,0.66
782,0.66
783,0.66
784,1
785,0.66
786,0.66
787,1
788,1
789,1
790,1
791,1
792,1
793,1
794,1
795,0.66
796,1
797,0.66
798,1
799,1
800,0.66
801,1
802,1
803,0.66
804,1
805,0.66
806,1
807,1
808,1
809,1
810,1
811,1
812,1
813,1
814,1
815,1
816,1
817,0.66
818,1
819,0.66
820,1
821,1
822,0.66
823,0.66
824,0.66
825,1
826,0.66
827,1
828,0.66
829,1
830,1
831,1
832,1
833,1
834,1
835,0.66
836,0.66
837,1
838,1
839,0.66
840,1
841,0.66
842,0.66
843,1
844,1
845,0.66
846,0.66
847,0.66
848,0.66
849,0.66
850,0.66
851,0.66
852,0.66
853,1
854,0.66
855,0.66
856,0.66
857,0.66
858,0.66
859,1
860,1
861,0.66
862,0.66
863,1
864,1
865,1
866,1
867,1
868,0.66
869,0.66
870,0.66
871,0.66
872,0.66
873,0.66
874,0.66
875,1
876,0.66
877,0.66
878,1
879,0.66
880,1
881,1
882,1
883,1
884,1
885,0.66
886,1
887,1
888,1
889,1
890,1
891,1
892,1
893,0.66
894,0.66
895,0.66
896,1
897,0.66
898,1
899,0.66
900,1
901,0.66
902,1
903,0.66
904,1
905,0.66
906,0.66
907,0.66
908,0.66
909,0.66
910,1
911,0.66
912,0.66
913,1
914,1
915,0.66
916,1
917,1
918,0.66
919,0.66
920,1
921,0.66
922,0.66
923,1
924,1
925,0.66
926,0.66
927,1
928,0.66
929,0.66
930,0.66
931,1
932,1
933,1
934,1
935,0.66
936,1
937,1
938,0.66
939,0.66
940,0.66
941,0.66
942,1
943,0.66
944,1
945,0.66
946,0.66
947,1
948,1
949,0.66
950,0.66
951,0.66
952,1
953,1
954,1
955,0.66
956,1
957,0.66
958,1
959,0.66
960,0.66
961,1
962,1
963,1
964,0.66
965,1
966,1
967,1
968,1
969,1
970,1
971,0.66
972,1
973,1
974,1
975,1
976,0.66
977,0.66
978,1
979,0.66
980,1
981,1
982,1
983,0.66
984,1
985,1
986,1
987,1
988,0.66
989,0.66
990,0.66
991,1
992,0.66
993,0.66
994,0.66
995,0.66
996,0.66
997,1
998,1
999,1
1000,1
1001,1
1002,0.66
1003,0.66
1004,1
1005,0.66
1006,1
1007,0.66
1008,1
1009,0.66
1010,1
1011,0.66
1012,0.66
1013,1
1014,1
1015,1
1016,0.66
1017,0.66
1018,1
1019,0.66
1020,1
1021,1
1022,0.66
1023,1
1024,1
1025,0.66
1026,1
1027,0.66
1028,0.66
1029,1
1030,1
1031,0.66
1032,0.66
1033,0.66
1034,0.66
1035,1
1036,1
1037,1
1038,1
1039,0.66
1040,0.66
1041,1
1042,1
1043,0.66
1044,1
1045,1
1046,1
1047,1
1048,1
1049,0.66
1050,1
1051,0.66
1052,0.66
1053,1
1054,0.66
1055,0.66
1056,0.66
1057,0.66
1058,1
1059,0.66
1060,1
1061,0.66
1062,0.66
1063,1
1064,0.66
1065,0.66
1066,0.66
1067,1
1068,0.66
1069,0.66
1070,0.66
1071,1
1072,0.66
1073,0.66
1074,0.66
1075,1
1076,0.66
1077,1
1078,1
1079,0.66
1080,1
1081,1
1082,1
1083,0.66
1084,1
1085,0.66
1086,0.66
1087,0.66
1088,1
1089,0.66
1090,0.66
1091,0.66
1092,0.66
1093,1
1094,1
1095,0.66
1096,0.66
1097,1
1098,0.66
1099,1
1100,1
1101,1
1102,1
1103,1
1104,0.66
1105,0.66
1106,1
1107,1
1108,1
1109,1
1110,1
1111,0.66
1112,0.66
1113,0.66
1114,1
1115,0.66
1116,0.66
1117,1
1118,0.66
1119,1
1120,0.66
1121,1
1122,0.66
1123,0.66
1124,0.66
1125,1
1126,0.66
1127,1
1128,0.66
1129,1
1130,0.66
1131,1
1132,0.66
1133,1
1134,1
1135,1
1136,1
1137,1
1138,1
1139,0.66
1140,1
1141,0.66
1142,1
1143,0.66
1144,1
1145,1
1146,1
1147,1
1148,1
1149,1
1150,1
1151,1
1152,1
1153,0.66
1154,1
1155,0.66
1156,0.66
1157,1
1158,1
1159,1
1160,0.66
1161,0.66
1162,1
1163,0.66
1164,0.66
1165,1
1166,1
1167,0.66
1168,0.66
1169,0.66
1170,0.66
1171,1
1172,0.66
1173,1
1174,0.66
1175,1
1176,0.66
1177,0.66
1178,1
1179,1
1180,1
1181,0.66
1182,1
1183,0.66
1184,1
1185,0.66
1186,1
1187,0.66
1188,1
1189,0.66
1190,0.66
1191,0.66
1192,1
1193,1
1194,0.66
1195,1
1196,1
1197,1
1198,0.66
1199,0.66
1200,1
1201,1
1202,1
1203,1
1204,1
1205,0.66
1206,1
1207,0.66
1208,0.66
1209,1
1210,0.66
1211,0.66
1212,0.66
1213,1
1214,1
1215,1
1216,0.66
1217,0.66
1218,0.66
1219,1
1220,0.66
1221,1
1222,0.66
1223,1
1224,1
1225,1
1226,0.66
1227,1
1228,0.66
1229,1
1230,0.66
1231,0.66
1232,0.66
1233,1
1234,0.66
1235,0.66
1236,1
1237,1
1238,0.66
1239,0.66
1240,1
1241,1
1242,0.66
1243,1
1244,1
1245,1
1246,0.66
1247,1
1248,1
1249,0.66
1250,1
1251,1
1252,0.66
1253,0.66
1254,1
1255,0.66
1256,1
1257,1
1258,1
1259,0.66
1260,0.66
1261,0.66
1262,1
1263,0.66
1264,1
1265,1
1266,0.66
1267,0.66
1268,0.66
1269,0.66
1270,0.66
1271,0.66
1272,0.66
1273,0.66
1274,0.66
1275,0.66
1276,1
1277,1
1278,0.66
1279,1
1280,1
1281,1
1282,1
1283,1
1284,0.66
1285,1
1286,0.66
1287,0.66
1288,1
1289,0.66
1290,0.66
1291,1
1292,0.66
1293,0.66
1294,0.66
1295,1
1296,1
1297,1
1298,1
1299,1
1300,1
1301,0.66
1302,1
1303,0.66
1304,1
1305,1
1306,1
1307,1
1308,1
1309,1
1310,1
1311,1
1312,1
1313,0.66
1314,1
1315,1
1316,0.66
1317,0.66
1318,0.66
1319,0.66
1320,0.66
1321,1
1322,0.66
1323,1
1324,0.66
1325,0.66
1326,0.66
1327,1
1328,1
1329,0.66
1330,1
1331,0.66
1332,1
1333,0.66
1334,1
1335,1
1336,0.66
1337,0.66
1338,1
1339,1
1340,0.66
1341,1
1342,0.66
1343,1
1344,1
1345,0.66
1346,0.66
1347,0.66
1348,0.66
1349,1
1350,0.66
1351,0.66
1352,1
1353,0.66
1354,0.66
1355,1
1356,0.66
1357,1
1358,1
1359,1
1360,0.66
1361,0.66
1362,0.66
1363,0.66
1364,1
1365,1
1366,1
1367,1
1368,1
1369,0.66
1370,0.66
1371,1
1372,0.66
1373,0.66
1374,0.66
1375,0.66
1376,1
1377,0.66
1378,0.66
1379,1
1380,0.66
1381,1
1382,1
1383,1
1384,0.66
1385,0.66
1386,1
1387,0.66
1388,0.66
1389,0.66
1390,1
1391,0.66
1392,1
1393,0.66
1394,1
1395,1
1396,1
1397,1
1398,1
1399,1
1400,1
1401,1
1402,1
1403,1
1404,0.66
1405,1
1406,0.66
1407,0.66
1408,1
1409,1
1410,1
1411,1
1412,0.66
1413,0.66
1414,1
1415,1
1416,1
1417,1
1418,0.66
1419,1
1420,0.66
1421,1
1422,1
1423,1
1424,1
1425,0.66
1426,1
1427,1
1428,1
1429,0.66
1430,1
1431,1
1432,1
1433,0.66
1434,1
1435,1
1436,0.66
1437,1
1438,0.66
1439,0.66
1440,1
1441,0.66
1442,0.66
1443,1
1444,0.66
1445,0.66
1446,1
1447,0.66
1448,0.66
1449,1
1450,0.66
1451,1
1452,1
1453,1
1454,0.66
1455,0.66
1456,1
1457,1
1458,0.66
1459,0.66
1460,1
1461,1
1462,0.66
1463,0.66
1464,0.66
1465,1
1466,1
1467,0.66
1468,1
1469,0.66
1470,1
1471,1
1472,1
1473,1
1474,1
1475,0.66
1476,1
1477,0.66
1478,1
1479,1
1480,0.66
1481,0.66
1482,1
1483,0.66
1484,1
1485,1
1486,1
1487,1
1488,0.66
1489,1
1490,0.66
1491,0.66
1492,1
1493,0.66
1494,0.66
1495,1
1496,0.66
1497,0.66
1498,1
1499,1
1500,0.66
1501,0.66
1502,1
1503,0.66
1504,0.66
1505,1
1506,0.66
1507,0.66
1508,0.66
1509,1
1510,0.66
1511,1
1512,1
1513,0.66
1514,0.66
1515,1
1516,0.66
1517,1
1518,0.66
1519,0.66
1520,1
1521,0.66
1522,1
1523,1
1524,1
1525,0.66
1526,1
1527,0.66
1528,0.66
1529,0.66
1530,0.66
1531,1
1532,1
1533,0.66
1534,1
1535,1
1536,0.66
1537,1
1538,1
1539,0.66
1540,1
1541,0.66
1542,1
1543,1
1544,0.66
1545,1
1546,1
1547,1
1548,0.66
1549,1
1550,0.66
1551,1
1552,1
1553,1
1554,0.66
1555,0.66
1556,1
1557,0.66
1558,1
1559,0.66
1560,0.66
1561,1
1562,1
1563,0.66
1564,0.66
1565,0.66
1566,1
1567,0.66
1568,1
1569,0.66
1570,1
1571,1
1572,0.66
1573,1
1574,0.66
1575,1
1576,1
1577,0.66
1578,1
1579,0.66
1580,0.66
1581,0.66
1582,0.66
1583,1
1584,1
1585,0.66
1586,1
1587,1
1588,0.66
1589,1
1590,1
1591,0.66
1592,1
1593,0.66
1594,1
1595,1
1596,1
1597,1
1598,1
1599,0.66
1600,0.66
1601,0.66
1602,1
1603,0.66
1604,0.66
1605,0.66
1606,0.66
1607,1
1608,0.66
1609,0.66
1610,1
1611,1
1612,1
1613,1
1614,0.66
1615,1
1616,1
1617,0.66
1618,0.66
1619,0.66
1620,0.66
1621,0.66
1622,0.66
1623,0.66
1624,1
1625,1
1626,1
1627,1
1628,0.66
1629,1
1630,0.66
1631,1
1632,0.66
1633,1
1634,0.66
1635,1
1636,0.66
1637,1
1638,0.66
1639,0.66
1640,0.66
1641,1
1642,0.66
1643,0.66
1644,0.66
1645,1
1646,1
1647,0.66
1648,0.66
1649,0.66
1650,0.66
1651,1
1652,0.66
1653,1
1654,1
1655,0.66
1656,1
1657,1
1658,1
1659,0.66
1660,0.66
1661,0.66
1662,1
1663,1
1664,1
1665,1
1666,0.66
1667,1
1668,1
1669,0.66
1670,1
1671,0.66
1672,0.66
1673,0.66
1674,0.66
1675,1
1676,1
1677,0.66
1678,1
1679,0.66
1680,1
1681,0.66
1682,1
1683,1
1684,1
1685,0.66
1686,1
1687,1
1688,0.66
1689,0.66
1690,1
1691,0.66
1692,0.66
1693,0.66
1694,0.66
1695,0.66
1696,1
1697,1
1698,0.66
1699,1
1700,1
1701,0.66
1702,1
1703,1
1704,0.66
1705,0.66
1706,1
1707,1
1708,0.66
1709,0.66
1710,0.66
1711,0.66
1712,1
1713,0.66
1714,1
1715,0.66
1716,0.66
1717,0.66
1718,0.66
1719,0.66
1720,1
1721,0.66
1722,0.66
1723,1
1724,0.66
1725,1
1726,0.66
1727,0.66
1728,0.66
1729,1
1730,1
1731,1
1732,0.66
1733,1
1734,1
1735,1
1736,1
1737,1
1738,1
1739,0.66
1740,0.66
1741,1
1742,1
1743,1
1744,0.66
1745,1
1746,1
1747,0.66
1748,0.66
1749,0.66
1750,0.66
1751,1
1752,0.66
1753,1
1754,0.66
1755,1
1756,1
1757,0.66
1758,1
1759,0.66
1760,1
1761,0.66
1762,0.66
1763,0.66
1764,0.66
1765,0.66
1766,0.66
1767,0.66
1768,1
1769,1
1770,1
1771,1
1772,1
1773,0.66
1774,1
1775,0.66
1776,0.66
1777,1
1778,1
1779,1
1780,0.66
1781,0.66
1782,1
1783,0.66
1784,1
1785,0.66
1786,1
1787,1
1788,1
1789,0.66
1790,1
1791,1
1792,0.66
1793,0.66
1794,1
1795,0.66
1796,1
1797,0.66
1798,1
1799,0.66
1800,1
1801,1
1802,0.66
1803,0.66
1804,1
1805,1
1806,0.66
1807,1
1808,1
1809,1
1810,1
1811,1
1812,0.66
1813,1
1814,0.66
1815,1
1816,0.66
1817,1
1818,1
1819,0.66
1820,0.66
1821,0.66
1822,1
1823,0.66
1824,1
1825,0.66
1826,1
1827,1
1828,1
1829,1
1830,0.66
1831,1
1832,0.66
1833,1
1834,1
1835,0.66
1836,0.66
1837,1
1838,0.66
1839,1
1840,1
1841,1
1842,0.66
1843,0.66
1844,0.66
1845,1
1846,0.66
1847,1
1848,1
1849,0.66
1850,1
1851,1
1852,0.66
1853,0.66
1854,0.66
1855,0.66
1856,1
1857,1
1858,0.66
1859,1
1860,0.66
1861,0.66
1862,0.66
1863,1
1864,0.66
1865,1
1866,1
1867,0.66
1868,1
1869,0.66
1870,0.66
1871,0.66
1872,1
1873,0.66
1874,0.66
1875,0.66
1876,1
1877,1
1878,0.66
1879,1
1880,0.66
1881,0.66
1882,1
1883,0.66
1884,1
1885,1
1886,1
1887,0.66
1888,1
1889,0.66
1890,1
1891,1
1892,1
1893,1
1894,0.66
1895,0.66
1896,0.66
1897,1
1898,1
1899,0.66
1900,1
1901,0.66
1902,0.66
1903,0.66
1904,0.66
1905,1
1906,0.66
1907,0.66
1908,0.66
1909,1
1910,0.66
1911,1
1912,1
1913,1
1914,1
1915,0.66
1916,1
1917,0.66
1918,1
1919,0.66
1920,1
1921,1
1922,0.66
1923,0.66
1924,1
1925,0.66
1926,0.66
1927,0.66
1928,1
1929,0.66
1930,1
1931,1
1932,0.66
1933,0.66
1934,1
1935,1
1936,1
1937,1
1938,1
1939,1
1940,0.66
1941,0.66
1942,0.66
1943,0.66
1944,0.66
1945,0.66
1946,0.66
1947,1
1948,1
1949,0.66
1950,0.66
1951,0.66
1952,0.66
1953,0.66
1954,1
1955,0.66
1956,0.66
1957,0.66
1958,1
1959,1
1960,1
1961,1
1962,1
1963,1
1964,1
1965,1
1966,0.66
1967,0.66
1968,1
1969,0.66
1970,0.66
1971,1
1972,1
1973,0.66
1974,1
1975,1
1976,0.66
1977,0.66
1978,1
1979,0.66
1980,0.66
1981,0.66
1982,0.66
1983,1
1984,0.66
1985,0.66
1986,1
1987,1
1988,1
1989,0.66
1990,1
1991,0.66
1992,0.66
1993,0.66
1994,0.66
1995,1
1996,0.66
1997,0.66
1998,0.66
1999,0.66
2000,1
2001,1
2002,1
2003,1
2004,1
2005,1
2006,1
2007,0.66
2008,0.66
2009,0.66
2010,0.66
2011,0.66
2012,0.66
2013,1
2014,1
2015,0.66
2016,1
2017,1
2018,1
2019,1
2020,1
2021,1
2022,0.66
2023,1
2024,1
2025,1
2026,0.66
2027,1
2028,1
2029,1
2030,0.66
2031,1
2032,0.66
2033,1
2034,0.66
2035,1
2036,0.66
2037,0.66
2038,1
2039,1
2040,0.66
2041,0.66
2042,1
2043,1
2044,0.66
2045,1
2046,0.66
2047,1
2048,1
2049,0.66
2050,1
2051,0.66
2052,1
2053,0.66
2054,1
2055,0.66
2056,0.66
2057,0.66
2058,0.66
2059,0.66
2060,0.66
2061,0.66
2062,0.66
2063,1
2064,0.66
2065,1
2066,0.66
2067,1
2068,1
2069,1
2070,0.66
2071,0.66
2072,0.66
2073,0.66
2074,1
2075,1
2076,0.66
2077,1
2078,0.66
2079,1
2080,0.66
2081,0.66
2082,1
2083,1
2084,0.66
2085,1
2086,0.66
2087,0.66
2088,0.66
2089,1
2090,1
2091,0.66
2092,0.66
2093,0.66
2094,0.66
2095,1
2096,0.66
2097,0.66
2098,1
2099,1
2100,1
2101,0.66
2102,1
2103,0.66
2104,1
2105,0.66
2106,0.66
2107,0.66
2108,1
2109,0.66
2110,0.66
2111,1
2112,0.66
2113,1
2114,1
2115,1
2116,0.66
2117,0.66
2118,0.66
2119,0.66
2120,1
2121,0.66
2122,1
2123,1
2124,0.66
2125,0.66
2126,1
2127,1
2128,0.66
2129,0.66
2130,1
2131,0.66
2132,1
2133,0.66
2134,0.66
2135,1
2136,1
2137,1
2138,0.66
2139,1
2140,0.66
2141,1
2142,1
2143,1
2144,1
2145,1
2146,1
2147,1
2148,0.66
2149,1
2150,0.66
2151,1
2152,1
2153,0.66
2154,1
2155,0.66
2156,0.66
2157,0.66
2158,1
2159,0.66
2160,1
2161,0.66
2162,1
2163,1
2164,1
2165,0.66
2166,0.66
2167,0.66
2168,0.66
2169,0.66
2170,1
2171,0.66
2172,1
2173,0.66
2174,1
2175,1
2176,0.66
2177,0.66
2178,1
2179,0.66
2180,0.66
2181,1
2182,1
2183,1
2184,1
2185,0.66
2186,1
2187,1
2188,0.66
2189,0.66
2190,0.66
2191,0.66
2192,0.66
2193,0.66
2194,0.66
2195,0.66
2196,1
2197,1
2198,1
2199,0.66
2200,1
2201,1
2202,1
2203,1
2204,0.66
2205,0.66
2206,0.66
2207,0.66
2208,1
2209,1
2210,0.66
2211,1
2212,1
2213,1
2214,0.66
2215,1
2216,0.66
2217,1
2218,1
2219,1
2220,1
2221,1
2222,1
2223,0.66
2224,0.66
2225,1
2226,1
2227,1
2228,0.66
2229,1
2230,1
2231,1
2232,0.66
2233,0.66
2234,1
2235,0.66
2236,0.66
2237,0.66
2238,1
2239,0.66
2240,1
2241,0.66
2242,0.66
2243,1
2244,1
2245,1
2246,1
2247,0.66
2248,0.66
2249,0.66
2250,0.66
2251,0.66
2252,1
2253,1
2254,1
2255,0.66
2256,0.66
2257,1
2258,0.66
2259,0.66
2260,0.66
2261,1
2262,0.66
2263,0.66
2264,1
2265,0.66
2266,1
2267,1
2268,1
2269,0.66
2270,1
2271,0.66
2272,1
2273,0.66
2274,1
2275,1
2276,1
2277,1
2278,1
2279,0.66
2280,1
2281,1
2282,0.66
2283,0.66
2284,1
2285,0.66
2286,1
2287,1
2288,0.66
2289,1
2290,0.66
2291,0.66
2292,0.66
2293,0.66
2294,0.66
2295,1
2296,1
2297,0.66
2298,0.66
2299,0.66
2300,0.66
2301,1
2302,1
2303,1
2304,1
2305,0.66
2306,1
2307,1
2308,1
2309,0.66
2310,1
2311,1
2312,0.66
2313,1
2314,0.66
2315,0.66
2316,0.66
2317,1
2318,1
2319,1
2320,0.66
2321,1
2322,1
2323,1
2324,1
2325,0.66
2326,0.66
2327,1
2328,0.66
2329,1
2330,0.66
2331,1
2332,1
2333,1
2334,0.66
2335,0.66
2336,1
2337,0.66
2338,1
2339,1
2340,0.66
2341,0.66
2342,1
2343,0.66
2344,0.66
2345,0.66
2346,1
2347,1
2348,0.66
2349,1
2350,1
2351,0.66
2352,1
2353,0.66
2354,1
2355,0.66
2356,1
2357,1
2358,0.66
2359,0.66
2360,0.66
2361,0.66
2362,0.66
2363,1
2364,0.66
2365,1
2366,1
2367,0.66
2368,0.66
2369,1
2370,0.66
2371,0.66
2372,0.66
2373,1
2374,1
2375,1
2376,1
2377,0.66
2378,1
2379,1
2380,1
2381,0.66
2382,0.66
2383,1
2384,1
2385,0.66
2386,1
2387,0.66
2388,0.66
2389,1
2390,1
2391,0.66
2392,1
2393,0.66
2394,1
2395,1
2396,1
2397,0.66
2398,0.66
2399,1
2400,1
2401,0.66
2402,1
2403,0.66
2404,1
2405,0.66
2406,0.66
2407,0.66
2408,1
2409,1
2410,0.66
2411,0.66
2412,1
2413,0.66
2414,1
2415,1
2416,0.66
2417,0.66
2418,0.66
2419,1
2420,1
2421,1
2422,1
2423,1
2424,1
2425,1
2426,0.66
2427,0.66
2428,1
2429,0.66
2430,1
2431,0.66
2432,1
2433,0.66
2434,1
2435,0.66
2436,1
2437,1
2438,0.66
2439,1
2440,0.66
2441,1
2442,0.66
2443,1
2444,1
2445,0.66
2446,1
2447,0.66
2448,0.66
2449,0.66
2450,0.66
2451,1
2452,1
2453,1
2454,1
2455,1
2456,0.66
2457,0.66
2458,0.66
2459,1
2460,0.66
2461,0.66
2462,1
2463,1
2464,0.66
2465,0.66
2466,1
2467,0.66
2468,1
2469,1
2470,0.66
2471,1
2472,1
2473,0.66
2474,0.66
2475,1
2476,1
2477,1
2478,0.66
2479,1
2480,0.66
2481,0.66
2482,0.66
2483,0.66
2484,1
2485,0.66
2486,1
2487,1
2488,0.66
2489,1
2490,1
2491,0.66
2492,0.66
2493,1
2494,0.66
2495,0.66
2496,1
2497,1
2498,0.66
2499,0.66
2500,0.66
2501,1
2502,1
2503,1
2504,0.66
2505,0.66
2506,0.66
2507,1
2508,1
2509,0.66
2510,1
2511,1
2512,1
2513,1
2514,0.66
2515,0.66
2516,1
2517,0.66
2518,0.66
2519,0.66
2520,0.66
2521,1
2522,0.66
2523,0.66
2524,0.66
2525,1
2526,0.66
2527,0.66
2528,0.66
2529,0.66
2530,0.66
2531,0.66
2532,0.66
2533,0.66
2534,1
2535,0.66
2536,0.66
2537,0.66
2538,1
2539,0.66
2540,0.66
2541,1
2542,1
2543,0.66
2544,1
2545,0.66
2546,0.66
2547,1
2548,1
2549,0.66
2550,0.66
2551,0.66
2552,0.66
2553,1
2554,1
2555,0.66
2556,1
2557,1
2558,0.66
2559,0.66
2560,0.66
2561,1
2562,0.66
2563,1
2564,0.66
2565,1
2566,0.66
2567,1
2568,0.66
2569,0.66
2570,1
2571,0.66
2572,0.66
2573,0.66
2574,0.66
2575,1
2576,1
2577,1
2578,1
2579,1
2580,0.66
2581,1
2582,1
2583,0.66
2584,0.66
2585,0.66
2586,1
2587,1
2588,1
2589,1
2590,0.66
2591,0.66
2592,1
2593,1
2594,1
2595,1
2596,1
2597,1
2598,0.66
2599,1
2600,0.66
2601,1
2602,0.66
2603,0.66
2604,1
2605,0.66
2606,0.66
2607,1
2608,0.66
2609,1
2610,1
2611,1
2612,0.66
2613,1
2614,0.66
2615,0.66
2616,1
2617,0.66
2618,0.66
2619,1
2620,0.66
2621,0.66
2622,1
2623,1
2624,0.66
2625,1
2626,0.66
2627,0.66
2628,0.66
2629,1
2630,1
2631,1
2632,1
2633,1
2634,0.66
2635,1
2636,0.66
2637,1
2638,1
2639,0.66
2640,0.66
2641,1
2642,0.66
2643,0.66
2644,0.66
2645,1
2646,1
2647,1
2648,0.66
2649,0.66
2650,0.66
2651,1
2652,1
2653,0.66
2654,0.66
2655,0.66
2656,0.66
2657,1
2658,0.66
2659,1
2660,0.66
2661,0.66
2662,0.66
2663,1
2664,0.66
2665,0.66
2666,0.66
2667,1
2668,1
2669,1
2670,0.66
2671,0.66
2672,1
2673,0.66
2674,0.66
2675,0.66
2676,0.66
2677,0.66
2678,0.66
2679,1
2680,0.66
2681,1
2682,1
2683,1
2684,1
2685,0.66
2686,1
2687,1
2688,0.66
2689,0.66
2690,1
2691,1
2692,0.66
2693,1
2694,0.66
2695,1
2696,0.66
2697,1
2698,0.66
2699,1
2700,0.66
2701,0.66
2702,0.66
2703,1
2704,1
2705,1
2706,1
2707,0.66
2708,1
2709,0.66
2710,0.66
2711,1
2712,1
2713,0.66
2714,0.66
2715,0.66
2716,1
2717,0.66
2718,1
2719,0.66
2720,0.66
2721,1
2722,1
2723,0.66
2724,0.66
2725,0.66
2726,0.66
2727,0.66
2728,1
2729,1
2730,1
2731,1
2732,0.66
2733,0.66
2734,0.66
2735,1
2736,1
2737,0.66
2738,1
2739,0.66
2740,0.66
2741,0.66
2742,0.66
2743,1
2744,0.66
2745,1
2746,0.66
2747,0.66
2748,0.66
2749,0.66
2750,1
2751,1
2752,1
2753,0.66
2754,0.66
2755,1
2756,1
2757,1
2758,1
2759,0.66
2760,1
2761,0.66
2762,1
2763,1
2764,1
2765,0.66
2766,0.66
2767,1
2768,1
2769,0.66
2770,0.66
2771,0.66
2772,0.66
2773,1
2774,1
2775,0.66
2776,0.66
2777,1
2778,1
2779,0.66
2780,0.66
2781,1
2782,0.66
2783,0.66
2784,0.66
2785,0.66
2786,1
2787,1
2788,0.66
2789,0.66
2790,0.66
2791,1
2792,0.66
2793,0.66
2794,1
2795,1
2796,1
2797,1
2798,0.66
2799,0.66
2800,0.66
2801,1
2802,0.66
2803,0.66
2804,1
2805,0.66
2806,0.66
2807,0.66
2808,0.66
2809,1
2810,1
2811,0.66
2812,0.66
2813,0.66
2814,0.66
2815,0.66
2816,1
2817,0.66
2818,1
2819,0.66
2820,0.66
2821,0.66
2822,0.66
2823,0.66
2824,1
2825,0.66
2826,1
2827,1
2828,0.66
2829,1
2830,1
2831,0.66
2832,0.66
2833,0.66
2834,1
2835,0.66
2836,0.66
2837,0.66
2838,1
2839,1
2840,0.66
2841,1
2842,0.66
2843,0.66
2844,1
2845,0.66
2846,0.66
2847,1
2848,1
2849,0.66
2850,1
2851,0.66
2852,0.66
2853,0.66
2854,0.66
2855,1
2856,1
2857,1
2858,0.66
2859,0.66
2860,1
2861,1
2862,0.66
2863,0.66
2864,0.66
2865,0.66
2866,1
2867,1
2868,1
2869,1
2870,0.66
2871,0.66
2872,1
2873,1
2874,0.66
2875,1
2876,1
2877,0.66
2878,1
2879,0.66
2880,1
2881,1
2882,1
2883,0.66
2884,1
2885,1
2886,0.66
2887,0.66
2888,1
2889,1
2890,0.66
2891,0.66
2892,1
2893,0.66
2894,0.66
2895,0.66
2896,0.66
2897,1
2898,0.66
2899,0.66
2900,1
2901,1
2902,1
2903,0.66
2904,1
2905,0.66
2906,1
2907,0.66
2908,0.66
2909,0.66
2910,0.66
2911,0.66
2912,0.66
2913,1
2914,1
2915,1
2916,0.66
2917,1
2918,0.66
2919,0.66
2920,1
2921,1
2922,0.66
2923,0.66
2924,0.66
2925,0.66
2926,0.66
2927,0.66
2928,0.66
2929,0.66
2930,1
2931,0.66
2932,1
2933,0.66
2934,1
2935,0.66
2936,0.66
2937,1
2938,1
2939,1
2940,1
2941,0.66
2942,1
2943,0.66
2944,0.66
2945,0.66
2946,1
2947,1
2948,1
2949,1
2950,1
2951,0.66
2952,1
2953,0.66
2954,1
2955,1
2956,1
2957,0.66
2958,1
2959,0.66
2960,0.66
2961,0.66
2962,0.66
2963,1
2964,0.66
2965,1
2966,0.66
2967,0.66
2968,0.66
2969,0.66
2970,0.66
2971,1
2972,1
2973,1
2974,1
2975,0.66
2976,1
2977,0.66
2978,0.66
2979,1
2980,0.66
2981,1
2982,1
2983,1
2984,0.66
2985,1
2986,0.66
2987,1
2988,1
2989,1
2990,0.66
2991,1
2992,0.66
2993,1
2994,1
2995,1
2996,0.66
2997,0.66
2998,1
2999,1
3000,0.66
3001,0.66
3002,0.66
3003,1
3004,1
3005,1
3006,0.66
3007,1
3008,1
3009,0.66
3010,0.66
3011,0.66
3012,1
3013,1
3014,0.66
3015,0.66
3016,0.66
3017,1
3018,1
3019,0.66
3020,0.66
3021,0.66
3022,0.66
3023,1
3024,1
3025,0.66
3026,0.66
3027,1
3028,1
3029,0.66
3030,0.66
3031,1
3032,1
3033,0.66
3034,1
3035,1
3036,1
3037,0.66
3038,1
3039,1
3040,0.66
3041,1
3042,1
3043,1
3044,0.66
3045,1
3046,1
3047,0.66
3048,0.66
3049,0.66
3050,1
3051,0.66
3052,0.66
3053,1
3054,0.66
3055,0.66
3056,1
3057,1
3058,1
3059,0.66
3060,0.66
3061,0.66
3062,0.66
3063,1
3064,1
3065,0.66
3066,1
3067,0.66
3068,1
3069,1
3070,1
3071,0.66
3072,1
3073,1
3074,0.66
3075,1
3076,1
3077,1
3078,1
3079,0.66
3080,1
3081,1
3082,1
3083,0.66
3084,0.66
3085,0.66
3086,0.66
3087,1
3088,0.66
3089,1
3090,1
3091,0.66
3092,1
3093,1
3094,0.66
3095,1
3096,1
3097,1
3098,1
3099,1
3100,0.66
3101,0.66
3102,1
3103,1
3104,1
3105,0.66
3106,1
3107,0.66
3108,0.66
3109,1
3110,0.66
3111,1
3112,0.66
3113,1
3114,0.66
3115,1
3116,0.66
3117,0.66
3118,1
3119,0.66
3120,0.66
3121,1
3122,0.66
3123,0.66
3124,1
3125,0.66
3126,0.66
3127,1
3128,1
3129,1
3130,1
3131,1
3132,0.66
3133,1
3134,0.66
3135,0.66
3136,1
3137,0.66
3138,1
3139,1
3140,0.66
3141,1
3142,0.66
3143,0.66
3144,1
3145,1
3146,0.66
3147,0.66
3148,1
3149,0.66
3150,0.66
3151,1
3152,1
3153,0.66
3154,1
3155,1
3156,1
3157,0.66
3158,0.66
3159,0.66
3160,1
3161,1
3162,1
3163,1
3164,0.66
3165,0.66
3166,1
3167,0.66
3168,0.66
3169,0.66
3170,1
3171,0.66
3172,0.66
3173,0.66
3174,0.66
3175,1
3176,1
3177,1
3178,1
3179,0.66
3180,1
3181,1
3182,1
3183,0.66
3184,1
3185,1
3186,1
3187,1
3188,1
3189,0.66
3190,0.66
3191,1
3192,0.66
3193,1
3194,1
3195,0.66
3196,1
3197,1
3198,0.66
3199,1
3200,1
3201,0.66
3202,0.66
3203,0.66
3204,0.66
3205,0.66
3206,1
3207,0.66
3208,0.66
3209,1
3210,1
3211,0.66
3212,1
3213,0.66
3214,1
3215,0.66
3216,0.66
3217,0.66
3218,0.66
3219,1
3220,1
3221,1
3222,1
3223,0.66
3224,0.66
3225,0.66
3226,0.66
3227,0.66
3228,1
3229,0.66
3230,1
3231,1
3232,0.66
3233,1
3234,1
3235,0.66
3236,1
3237,1
3238,1
3239,0.66
3240,1
3241,1
3242,1
3243,0.66
3244,0.66
3245,1
3246,0.66
3247,0.66
3248,1
3249,1
3250,1
3251,0.66
3252,0.66
3253,1
3254,0.66
3255,1
3256,1
3257,0.66
3258,1
3259,0.66
3260,1
3261,0.66
3262,1
3263,0.66
3264,0.66
3265,1
3266,0.66
3267,1
3268,1
3269,0.66
3270,1
3271,1
3272,1
3273,0.66
3274,0.66
3275,1
3276,1
3277,0.66
3278,1
3279,0.66
3280,1
3281,1
3282,1
3283,1
3284,0.66
3285,1
3286,0.66
3287,1
3288,0.66
3289,1
3290,0.66
3291,0.66
3292,1
3293,0.66
3294,0.66
3295,0.66
3296,1
3297,0.66
3298,0.66
3299,0.66
3300,0.66
3301,0.66
3302,0.66
3303,1
3304,0.66
3305,0.66
3306,1
3307,0.66
3308,1
3309,0.66
3310,1
3311,0.66
3312,0.66
3313,0.66
3314,1
3315,0.66
3316,1
3317,1
3318,1
3319,1
3320,1
3321,1
3322,0.66
3323,1
3324,0.66
3325,0.66
3326,1
3327,1
3328,1
3329,0.66
3330,1
3331,1
3332,0.66
3333,0.66
3334,0.66
3335,1
3336,0.66
3337,1
3338,0.66
3339,0.66
3340,1
3341,0.66
3342,1
3343,1
3344,1
3345,1
3346,0.66
3347,0.66
3348,0.66
3349,0.66
3350,0.66
3351,0.66
3352,1
3353,0.66
3354,1
3355,0.66
3356,0.66
3357,1
3358,0.66
3359,1
3360,1
3361,0.66
3362,0.66
3363,0.66
3364,0.66
3365,1
3366,0.66
3367,1
3368,1
3369,1
3370,1
3371,1
3372,0.66
3373,0.66
3374,0.66
3375,1
3376,0.66
3377,1
3378,1
3379,0.66
3380,1
3381,1
3382,0.66
3383,1
3384,1
3385,0.66
3386,0.66
3387,1
3388,1
3389,1
3390,0.66
3391,1
3392,1
3393,1
3394,0.66
3395,0.66
3396,0.66
3397,0.66
3398,1
3399,0.66
3400,0.66
3401,1
3402,1
3403,0.66
3404,0.66
3405,0.66
3406,0.66
3407,1
3408,1
3409,0.66
3410,1
3411,0.66
3412,1
3413,0.66
3414,0.66
3415,1
3416,1
3417,0.66
3418,1
3419,0.66
3420,1
3421,1
3422,1
3423,0.66
3424,0.66
3425,0.66
3426,0.66
3427,0.66
3428,0.66
3429,1
3430,0.66
3431,0.66
3432,0.66
3433,0.66
3434,1
3435,1
3436,1
3437,0.66
3438,1
3439,1
3440,0.66
3441,1
3442,1
3443,1
3444,0.66
3445,1
3446,0.66
3447,1
3448,1
3449,1
3450,0.66
3451,0.66
3452,0.66
3453,0.66
3454,0.66
3455,0.66
3456,0.66
3457,0.66
3458,0.66
3459,1
3460,1
3461,1
3462,0.66
3463,1
3464,1
3465,1
3466,1
3467,0.66
3468,0.66
3469,0.66
3470,1
3471,0.66
3472,0.66
3473,0.66
3474,1
3475,0.66
3476,0.66
3477,0.66
3478,0.66
3479,0.66
3480,0.66
3481,0.66
3482,0.66
3483,1
3484,0.66
3485,1
3486,0.66
3487,1
3488,1
3489,1
3490,1
3491,1
3492,1
3493,1
3494,1
3495,1
3496,0.66
3497,1
3498,0.66
3499,0.66
3500,1
3501,1
3502,0.66
3503,1
3504,0.66
3505,1
3506,1
3507,0.66
3508,1
3509,1
3510,0.66
3511,1
3512,1
3513,0.66
3514,0.66
3515,1
3516,0.66
3517,0.66
3518,1
3519,0.66
3520,1
3521,1
3522,1
3523,0.66
3524,1
3525,1
3526,0.66
3527,1
3528,1
3529,1
3530,1
3531,1
3532,0.66
3533,1
3534,0.66
3535,0.66
3536,1
3537,1
3538,0.66
3539,1
3540,0.66
3541,0.66
3542,0.66
3543,0.66
3544,1
3545,0.66
3546,0.66
3547,1
3548,1
3549,0.66
3550,1
3551,1
3552,1
3553,1
3554,1
3555,1
3556,1
3557,1
3558,0.66
3559,1
3560,1
3561,0.66
3562,1
3563,1
3564,1
3565,0.66
3566,0.66
3567,0.66
3568,1
3569,0.66
3570,1
3571,1
3572,0.66
3573,1
3574,0.66
3575,1
3576,0.66
3577,1
3578,0.66
3579,0.66
3580,0.66
3581,0.66
3582,0.66
3583,0.66
3584,0.66
3585,1
3586,0.66
3587,1
3588,1
3589,0.66
3590,1
3591,0.66
3592,1
3593,1
3594,0.66
3595,1
3596,0.66
3597,0.66
3598,1
3599,1
3600,1
3601,1
3602,0.66
3603,0.66
3604,0.66
3605,0.66
3606,1
3607,1
3608,0.66
3609,1
3610,0.66
3611,0.66
3612,0.66
3613,0.66
3614,1
3615,0.66
3616,0.66
3617,0.66
3618,1
3619,1
3620,0.66
3621,1
3622,0.66
3623,1
3624,0.66
3625,1
3626,1
3627,1
3628,0.66
3629,1
3630,1
3631,0.66
3632,0.66
3633,0.66
3634,1
3635,1
3636,1
3637,0.66
3638,0.66
3639,0.66
3640,1
3641,0.66
3642,1
3643,1
3644,1
3645,1
3646,1
3647,1
3648,1
3649,0.66
3650,0.66
3651,0.66
3652,0.66
3653,1
3654,0.66
3655,0.66
3656,0.66
3657,1
3658,0.66
3659,0.66
3660,0.66
3661,1
3662,0.66
3663,1
3664,1
3665,0.66
3666,1
3667,0.66
3668,1
3669,0.66
3670,0.66
3671,0.66
3672,0.66
3673,0.66
3674,0.66
3675,1
3676,0.66
3677,1
3678,0.66
3679,1
3680,0.66
3681,1
3682,1
3683,0.66
3684,0.66
3685,0.66
3686,1
3687,1
3688,1
3689,1
3690,1
3691,0.66
3692,1
3693,0.66
3694,0.66
3695,1
3696,1
3697,0.66
3698,0.66
3699,0.66
3700,1
3701,1
3702,0.66
3703,1
3704,0.66
3705,1
3706,1
3707,0.66
3708,0.66
3709,1
3710,0.66
3711,0.66
3712,0.66
3713,1
3714,0.66
3715,0.66
3716,0.66
3717,1
3718,0.66
3719,1
3720,0.66
3721,1
3722,1
3723,0.66
3724,0.66
3725,0.66
3726,1
3727,0.66
3728,0.66
3729,1
3730,1
3731,1
3732,1
3733,0.66
3734,1
3735,1
3736,1
3737,1
3738,1
3739,0.66
3740,0.66
3741,0.66
3742,0.66
3743,0.66
3744,1
3745,0.66
3746,1
3747,0.66
3748,0.66
3749,1
3750,1
3751,0.66
3752,1
3753,1
3754,1
3755,0.66
3756,1
3757,0.66
3758,0.66
3759,0.66
3760,1
3761,0.66
3762,1
3763,1
3764,0.66
3765,1
3766,0.66
3767,0.66
3768,0.66
3769,0.66
3770,0.66
3771,0.66
3772,1
3773,1
3774,0.66
3775,0.66
3776,1
3777,0.66
3778,0.66
3779,1
3780,0.66
3781,0.66
3782,1
3783,1
3784,1
3785,1
3786,0.66
3787,1
3788,1
3789,1
3790,1
3791,1
3792,0.66
3793,0.66
3794,0.66
3795,0.66
3796,1
3797,0.66
3798,0.66
3799,0.66
3800,1
